{
    "5000000000000.0": {
        "-30": [
            45.33218161073988,
            45.33218161073988,
            45.33218161073988,
            45.33218161073988,
            45.33218161073988,
            45.33218161073988,
            24.33988457659493,
            24.33988457659493,
            24.33988457659493,
            39.48008059298657,
            39.48008059298657,
            39.48008059298657,
            23.920567581124914,
            23.920567581124914,
            75.23073792670954,
            60.61647926801226,
            59.16764275166541,
            55.75191456397613,
            42.373403450927476,
            42.373403450927476,
            29.283169990786902,
            64.46278082949225,
            24.378935379566343,
            18.082422739824416,
            3.4802267918888425,
            45.776364703604585,
            12.207265750880474,
            1.0276333949044947,
            8.087990170992924,
            53.26400581738962
        ],
        "-20": [
            13.695862828036372,
            13.695862828036372,
            26.246780185789554,
            26.246780185789554,
            26.246780185789554,
            7.388283759382206,
            27.28521667854441,
            25.310309842556514,
            24.357835234951075,
            27.241130043175612,
            26.244116893271418,
            38.0650120889282,
            59.34124155273794,
            59.34124155273794,
            59.34124155273794,
            32.006094227750495,
            29.343748855074242,
            35.091542051224124,
            37.689756082141756,
            33.11402236396892,
            35.88651261275583,
            28.23417726438482
        ],
        "-40": [
            34.01437800681012,
            34.01437800681012,
            34.01437800681012,
            34.01437800681012,
            27.55170493411015,
            27.55170493411015,
            1.9538409686566354,
            29.53237162757388,
            29.53237162757388,
            1.262595864303428,
            19.022976242903113,
            21.38769901180698,
            19.73366227960344,
            29.906572150773336,
            31.101675755996865,
            2.4395400413962847,
            50.8121256345481,
            11.917629460175196,
            24.01747565949487,
            24.363333913080417,
            5.6514981156799,
            23.81942635648179,
            19.810357594491176,
            16.118160001928725,
            18.900745334706034,
            18.043032975727925,
            17.437845575765717
        ],
        "10": [
            8.4173180526519,
            8.899816168233494,
            10.414271100592527,
            3.6771098444298955,
            10.27121685617907,
            8.608435643745048,
            10.554028555279086,
            11.596682679244797,
            8.657021798312234,
            23.21726395616642,
            11.392557144258374,
            7.020916230982963,
            11.538363492318862,
            11.053168295549968,
            14.898030163322469,
            16.116069813280745,
            7.655448676160927,
            1.7320690477147718,
            4.634187100170718,
            2.724680518769616,
            2.1142658378834565,
            2.1832888381176456,
            2.175202134368373,
            6.3383603498632635,
            4.618219719890345,
            12.920958501957395,
            10.524216043822705
        ],
        "-50": [
            36.87474644489536,
            25.057305450363106,
            25.318123745366556,
            33.07196692737189,
            38.557562169521454,
            39.10819692168095,
            13.145859979936084,
            12.809143043106857,
            16.410295929784354,
            16.825022079531273,
            4.795829548301512,
            72.03848006439851,
            53.898662040827695,
            22.27138904693321,
            47.693945498069915,
            22.44994691404823,
            22.44994691404823,
            36.715640847267565,
            36.715640847267565,
            36.715640847267565,
            36.715640847267565,
            53.00075648375217,
            94.12870014639438,
            44.26642044966564,
            6.316787783564564,
            35.74219237684768,
            46.07265075556524,
            46.07265075556524
        ],
        "0": [
            26.013943511218386,
            9.87965581464397,
            7.491934424719325,
            9.915543145349037,
            10.641060503061645,
            5.102583039660164,
            5.102583039660164,
            5.102583039660164,
            5.102583039660164,
            5.102583039660164,
            2.945520186611005,
            5.287008888244715,
            5.287008888244715,
            5.794329814170353,
            2.660098378822276,
            8.454240136495748,
            8.454240136495748,
            8.454240136495748,
            8.454240136495748,
            8.454240136495748,
            8.887992180266066,
            54.50040464331883,
            54.50040464331883,
            54.50040464331883,
            54.50040464331883,
            54.50040464331883,
            54.50040464331883
        ],
        "-10": [
            15.165363069785647,
            21.57769502629428,
            19.814344828303348,
            20.56457129628562,
            20.656154251285614,
            17.270447908014724,
            22.929606726933578,
            17.657263719937642,
            10.393166796014144,
            9.931742348002874,
            15.053872137344197,
            16.26337060580995,
            19.082923819623307,
            11.689221013544215,
            24.716211973084704,
            6.356175431474682,
            18.960645465420264,
            17.352489912379937,
            16.10953591122615,
            19.815043192958882,
            18.206927638978758,
            18.237935297454577,
            18.357038298768767,
            18.750212432288045,
            16.338062641891234,
            18.60284889411747,
            16.064232469810925,
            13.382741789117672,
            19.03984477958599
        ],
        "40": [
            30.845658996307584,
            30.845658996307584,
            33.71855617542732,
            NaN,
            54.232007960458205,
            54.232007960458205,
            54.232007960458205,
            54.232007960458205,
            54.232007960458205,
            54.232007960458205,
            66.73450949340544,
            11.83565974511928,
            20.407373406529114,
            18.52222401758231,
            0.015901751277198173,
            15.065853802599115
        ],
        "50": [
            93.02150795658179,
            93.02150795658179,
            93.02150795658179,
            93.02150795658179,
            93.02150795658179,
            93.02150795658179,
            37.74453740521231,
            37.74453740521231,
            37.74453740521231,
            37.74453740521231,
            37.74453740521231,
            37.74453740521231,
            17.582014539753743,
            17.582014539753743,
            17.582014539753743,
            17.582014539753743,
            17.582014539753743,
            17.582014539753743,
            52.701137770058416,
            52.701137770058416,
            52.701137770058416,
            52.701137770058416,
            52.701137770058416,
            52.701137770058416
        ],