{
    "5000000000000.0": {
        "-20": [
            40.993448036110436,
            41.924120843380344,
            45.979970737477245,
            45.979970737477245,
            46.470521862456636,
            32.33761663515784,
            35.82218651487776,
            35.82218651487776,
            16.306516305198343,
            43.123151828956985,
            40.15727846481532,
            43.837946800098614,
            35.9233551406691,
            34.07820532956351,
            40.9546204927894,
            38.01721680120933,
            16.73437809131596,
            16.73437809131596,
            45.39353953033586,
            52.88073852964345,
            37.57797684980148,
            37.29608796368559,
            36.627527476197926,
            18.664211558206347,
            42.44071414005637,
            5.777825635369755,
            19.327877723980166,
            17.91525364655657,
            21.448909464351274,
            14.111862953954763
        ],
        "-30": [
            61.12260162303915,
            61.12260162303915,
            61.12260162303915,
            61.12260162303915,
            60.000744806472895,
            60.000744806472895
        ],
        "10": [
            17.70330235525852,
            0.6795570837788816,
            17.098393434331403,
            17.098393434331403,
            0.2610505366178799,
            0.2610505366178799,
            0.5180167703444489,
            9.62833927503837,
            5.7934294360832626,
            14.528561919173587,
            0.4557726565379454,
            1.405762001186238,
            12.345291684638127,
            3.497653390849954,
            20.56796940718242,
            17.326577589396045,
            6.405975109663418,
            4.428042258053815,
            16.839448444259098,
            20.216285017196103
        ],
        "-50": [
            67.75923211831014,
            3.5345135489501303,
            83.94655424458773,
            24.272411756350103,
            78.42338661873988,
            69.21900506878131,
            7.758364165198415,
            7.758364165198415,
            4.601167549372477,
            4.601167549372477,
            4.601167549372477,
            8.9598016549294,
            8.9598016549294,
            6.725565131962419,
            4.854552134195963,
            4.854552134195963,
            71.05571807167829,
            71.05571807167829,
            71.05571807167829,
            71.05571807167829,
            26.168656881730435,
            71.7554135013064
        ],
        "-40": [
            7.454367272939777,
            7.454367272939777,
            36.6630317528184,
            36.6630317528184,
            36.6630317528184,
            21.624976494669305,
            18.63275316689854,
            3.864676229476842,
            14.626002017547012,
            1.2836665693863765,
            16.798881377914604,
            2.316613425157442,
            2.316613425157442,
            25.116419975562657,
            29.772273154962775,
            69.10077572871629
        ],
        "0": [
            26.742532689814638,
            26.742532689814638,
            26.742532689814638,
            46.132213924172966,
            25.953777818201637,
            19.092249766528006,
            36.22630923545298,
            36.22630923545298,
            36.22630923545298,
            36.22630923545298,
            25.18066543606448,
            25.18066543606448,
            12.9057777937904,
            32.15476026484238,
            1.5731973780072415,
            37.752460244023425,
            20.36224097426559,
            20.36224097426559
        ],
        "-10": [
            24.170323018662344,
            24.170323018662344,
            67.39327328152376,
            23.396769599596738,
            23.396769599596738,
            65.1552584087722,
            65.1552584087722,
            69.61666277748449,
            69.61666277748449,
            74.06980786641817,
            27.548318131056575,
            58.61524395897086,
            21.697440902364114,
            62.412787714183246,
            22.708800131307044,
            22.708800131307044,
            79.5162548588236,
            79.5162548588236,
            79.5162548588236,
            26.018835322931775,
            71.80264823050813,
            74.51113321709582,
            8.895858250809724,
            67.20455014849739,
            55.32953011378892,
            72.72930608842168,
            27.165296399592684,
            15.421948823912814
        ],
        "40": [
            9.412946916339166,
            9.412946916339166,
            9.412946916339166,
            9.412946916339166
        ],
        "50": [
            114.43581923600112,
            79.83968919973456,
            87.16573168610756,
            NaN,
            88.5858949043413,
            88.5858949043413,
            87.09760997989284,
            87.09760997989284,
            58.85400473592918,
            68.89762263114105,
            102.30634466266926,
            81.34993139341526,
            80.49372943931843,
            83.233982422752,
            53.08624256247531,
            79.4760751192327,
            79.71377688590835,
            81.48514974387805,
            74.02184448293958,
            50.395927633726004,
            81.1888034720878,
            108.94997561137612,
            84.01822748381525,
            65.52548522199902,
            65.70232250516901,
            75.69714132877023
        ],
        "30": [
            31.396544782112038,
            5.50635877068952,
            5.50635877068952,
            5.50635877068952,
            35.481750808830114,
            31.421212168553204,
            38.16537815178454,
            10.965649404556686,
            58.71282369034951,
            35.809184940886475,
            11.195965544085539,
            59.379726579506645,
            34.11422483747121,
            81.05553936340088,
            34.64818735423338,
            6.7577965803386455,
            37.82083277385041,
            33.59396088266853,
            33.85610277060353,
            33.85610277060353,
            33.85610277060353,
            33.85610277060353,
            33.85610277060353,
            33.96982578310542,
            30.98600411078007,
            4.1665101433317275,
            32.101091987902855,
            9.63055995877832,
            9.63055995877832,
            4.942617333819204
        ],
        "20": [
            44.31338802006182,
            5.843315421397513,
            5.843315421397513,
            5.843315421397513,
            5.843315421397513,
            43.691447538115156,
            4.334992757168278,
            4.334992757168278,
            14.907463389376076,
            14.907463389376076,
            30.390385230712987,
            30.390385230712987,
            29.588407422529965,
            29.588407422529965,
            45.04781765700102,
            24.227133923405873,
            24.227133923405873,
            36.74873680234077,
            48.55683216412894,
            23.42196027880371
        ]
    }
}