{
    "5000000000000.0": {
        "-30": [
            49.70264249929071,
            46.92557416704936,
            46.92557416704936,
            49.5131924020432,
            49.81145924668728,
            49.81145924668728,
            35.1520479101479,
            35.1520479101479,
            35.1520479101479,
            35.1520479101479,
            35.1520479101479,
            35.1520479101479,
            47.04481696960504,
            59.698638883686115,
            59.26712541824108,
            54.05035001521644,
            49.129499511315345,
            48.56449127304324,
            67.58170809685168,
            78.66766137336364,
            83.37622315327272,
            92.54358102479998,
            82.16322472156111,
            88.18181097735138,
            44.77074638716291,
            49.479759553193446,
            46.77387741876217,
            49.753848412036675,
            56.48176951554351
        ],
        "-20": [
            26.483395315555054,
            26.634135344620866,
            26.701834166775555,
            27.19605871763798,
            25.20777469415492,
            24.188762263878196,
            39.606668443693735,
            39.606668443693735,
            39.606668443693735,
            39.606668443693735,
            39.606668443693735,
            41.23798276970286,
            41.23798276970286,
            41.23798276970286,
            33.94424114070844,
            34.85776241627566,
            29.320886033160015
        ],
        "-40": [
            24.628091556862962,
            24.628091556862962,
            24.628091556862962,
            24.628091556862962,
            24.628091556862962,
            24.628091556862962,
            87.50797663082054,
            69.18871246960802,
            69.18871246960802,
            69.18871246960802,
            81.39144772958215,
            77.4202575370287,
            27.49892739769296,
            27.49892739769296,
            27.49892739769296,
            27.49892739769296,
            27.38272939599827,
            19.055644394414845,
            25.74885991394206,
            23.71681965139964,
            17.916340300046866,
            22.93371710522378,
            4.825093703171412,
            19.748487788249683,
            13.692753215351814,
            19.705081218833808,
            14.649773840550974,
            18.357398289933425
        ],
        "10": [
            5.816936358784206,
            5.674937789474577,
            6.370142201313005,
            3.8220307786404897,
            7.024644779359792,
            1.2900945369359,
            5.559262835671219,
            6.941530520364389,
            8.938058458551941,
            5.593661755276628,
            2.332317684493047,
            9.055707213703142,
            7.643647815485551,
            10.31210767544379,
            8.636686048069812,
            14.246630281228118,
            4.7685173109102905,
            6.147594934032433,
            3.3488650713248322,
            3.0698506326559363,
            4.162198455869469,
            4.900521637486522,
            2.2903793082958233,
            6.32038632409778,
            3.2785440131619756,
            4.903817929666276,
            2.6083207384528464,
            7.694707311685226,
            9.31484290177026
        ],
        "-50": [
            40.39977111025014,
            25.63918088159661,
            31.946083274206106,
            32.567163072203485,
            33.590645150148134,
            36.221240780999594,
            12.673938824704969,
            12.83485503988323,
            13.057553607239548,
            14.149707198423293,
            14.149707198423293,
            60.583448096987105,
            24.35587266960281,
            23.820762571798305,
            39.62994025453373,
            24.42068492080376,
            56.471194762792635,
            40.18478699297289,
            40.18478699297289,
            78.3762810465887,
            26.0625397241716,
            26.0625397241716,
            22.22022808601744
        ],
        "0": [
            18.55458845076144,
            18.55458845076144,
            18.55458845076144,
            21.493076629589275,
            18.239613255731918,
            18.239613255731918,
            0.43496152459795806
        ],
        "-10": [
            13.496298997589099,
            18.24873334204146,
            19.363774611072934,
            18.96918912642154,
            16.96741052016952,
            15.720768837529242,
            14.756644583156087,
            14.412754673684313,
            12.939298982840048,
            10.420558500940132,
            15.102538996809269,
            13.999731352512429,
            17.279663413360478,
            14.994075679729475,
            19.84743987788429,
            12.184450420832725,
            16.12711914157608,
            16.622656526847223,
            14.674021122523595,
            17.52573747076799,
            18.132053739896662,
            14.609455189489527,
            16.192442921180678,
            14.021242428518686,
            15.253773341334869,
            17.811444588630444,
            15.0050383711829,
            17.16444483360115,
            19.280072673732974
        ],
        "40": [
            12.316468210021114,
            17.847061376110826,
            11.747727287812936,
            8.000379268613514,
            36.51200741958293
        ],
        "30": [
            9.254004753657707,
            10.32509945896193,
            9.84966377722095,
            13.267769937700926,
            9.700918462067772,
            9.447246299267377,
            12.264520670456921,
            12.964176875937468,
            12.50745847597883,
            14.000786599494724,
            11.509687781170342,
            17.507623980240012,
            15.592628557729563,
            16.68394857283095,
            14.59698196188862,
            14.59698196188862,
            12.062839468921986,
            11.916875406789305,
            12.282845527365343,
            11.871235846603387,
            10.590234825332118
        ]
    }
}