{
    "5000000000000.0": {
        "-30": [
            43.494294976355576,
            9.53169308313661,
            5.679747798978298,
            13.687243111484285,
            56.81711853821915,
            24.1846762197952,
            3.2236235464323073,
            5.037586970471374,
            2.876356772030583,
            27.30533347850428,
            36.882536467188636,
            68.71310162007265,
            92.21632324178685,
            81.26523491745257,
            81.26523491745257,
            42.382770664022516,
            12.651128810861756,
            57.663429105200805,
            52.231661236424,
            10.62024609924132,
            10.62024609924132,
            27.70405006561907,
            4.633247970182211,
            3.2895046280242752,
            3.022343716319881,
            3.1148342700755194,
            3.251224319301862,
            0.676206767636895
        ],
        "-20": [
            40.30451124222782,
            40.30451124222782,
            40.30451124222782,
            34.20015014609062,
            34.20015014609062,
            3.2252617645335278,
            27.74258814227651,
            26.324335894776173,
            26.93754793613801,
            25.369027083147635,
            29.988247539474727,
            40.44087567682566,
            42.38690861454739,
            38.128557336887454,
            32.84132727300575,
            32.84132727300575,
            33.809775117673865,
            8.787236271163717,
            8.787236271163717,
            38.39556382787124,
            32.90265303379464,
            29.10066906671341,
            33.2432305444393,
            31.356985280981032,
            31.356985280981032,
            31.356985280981032,
            31.356985280981032,
            31.356985280981032,
            7.863776513041623
        ],
        "-40": [
            3.540654664554779,
            3.540654664554779,
            19.400448836605776,
            19.400448836605776,
            36.50516615305354,
            36.50516615305354,
            3.4756877587823496,
            1.1928906185207495,
            15.277146582022855,
            15.277146582022855,
            24.63570388306033,
            16.286100216706398,
            23.084165107426326,
            14.999235696435708,
            5.458956704324422,
            23.078521219324543,
            17.569597813095445,
            23.227337757530133,
            21.61040645315636,
            12.89942355513909,
            18.87008394648189,
            6.372255025943893,
            25.457504069090252,
            0.945564612293289,
            22.9515851395229,
            19.78344432808292,
            9.414128223102466
        ],
        "10": [
            4.25130582517495,
            4.158896065690284,
            26.991084616033163,
            0.7844466637939131,
            10.822608509895254,
            14.41222584183597,
            3.2536260958686993,
            7.333412120539226,
            13.784340605822258,
            4.270044165282308,
            4.597980029965813,
            72.26553232233972,
            8.641958275395467,
            18.40921315567735,
            30.045270881263605,
            28.821850300260383,
            13.657562933660016,
            29.17020929290225,
            0.9196190174532894,
            6.891983913247675,
            2.0603386606269174,
            3.38931771485193,
            3.38931771485193,
            37.50747094119305,
            0.5919815864533113,
            4.828937579619268,
            1.0776982117573226,
            8.825635150447756,
            9.404738369223724
        ],
        "-50": [
            29.037389356128042,
            47.5669857911122,
            64.89561225043421,
            47.184971039462894,
            3.1384010291954354,
            72.96988318394212,
            10.68359767922147,
            35.554588221752674,
            11.668112643969309,
            10.870724493546227,
            15.637767133258272,
            48.57292992257423,
            21.901275939781875,
            9.901390976774202,
            45.14814075738095,
            38.88655873721601,
            80.33599385174989,
            60.63161381506535,
            60.63161381506535,
            46.26355569564406,
            33.328959932004985,
            33.328959932004985,
            33.328959932004985,
            33.32263334972026,
            31.86489397709509,
            40.968963548482805,
            40.968963548482805,
            78.69119740682581,
            67.76301208145134
        ],
        "0": [
            30.487338140179126,
            30.487338140179126,
            14.761129267016878,
            16.990706080910506,
            17.968106981828022,
            14.26001912037712,
            49.75355015801582,
            30.11647552118116,
            6.512675837185027,
            16.34875950883188,
            16.34875950883188,
            11.212123123932523,
            2.6498022872082325,
            2.6498022872082325,
            9.714003289940996,
            7.940373180113853,
            31.420564931057328,
            1.7493148437986574,
            54.471526037905505,
            54.471526037905505,
            54.471526037905505,
            1.7717280670601916,
            3.10280778198096,
            3.10280778198096,
            65.73350998909737,
            57.08151163797115,
            57.08151163797115
        ],
        "-10": [
            34.149937784825376,
            12.43778572470446,
            24.529292834162923,
            20.793525709185516,
            52.76501677408398,
            19.21299722141243,
            39.14636326598831,
            17.521956242624412,
            13.297161179219978,
            16.652730388415492,
            9.687704739925412,
            15.4038326756638,
            29.380307474282837,
            17.994795547178253,
            26.151112502434373,
            8.852164110008655,
            20.770816895247968,
            22.628509699702732,
            21.528208544419662,
            25.97746418781111,
            24.968024436826852,
            16.913435930385422,
            21.17709338714067,
            22.199816051084184,
            26.00305976816605,
            21.59648774152636,
            26.154574693870625,
            31.782091119772055
        ],
        "40": [
            30.776074191611173,
            27.786795444382022,
            89.22564608956873,
            48.19380872367773,
            48.19380872367773,
            31.048959397198523,
            31.048959397198523,
            31.048959397198523,
            31.048959397198523,
            31.048959397198523,
            59.54143691512383,
            59.54143691512383,
            59.54143691512383,
            59.54143691512383,
            72.1988285940714,
            32.081743440331714,
            35.08301884288501,
            35.08301884288501,
            40.32786088945654,
            40.32786088945654,
            4.936032685868732
        ],