{
    "5000000000000.0": {
        "-30": [
            17.339309488064373,
            74.5601414260639,
            50.792037845073295,
            19.726521690710342,
            38.853366161265086,
            48.61803065815275,
            32.97071358102138,
            28.738355680948494,
            16.61818072973947,
            50.066014758975115,
            36.4497661481786,
            15.30628625436638,
            11.755036627835707,
            19.473614708599744,
            3.644832729121923,
            11.967019976370317,
            43.84025577315298,
            23.608364299705336,
            38.11141740922676,
            14.625806446218899,
            40.10054412033818,
            24.097920672807042,
            61.58515302045639,
            48.81710881199243,
            24.659388323245977,
            36.65607172200799,
            35.69546103155275,
            55.45137873321956
        ],
        "-20": [
            27.383474468597335,
            29.098706827595297,
            30.16401998439974,
            40.266691113766136,
            34.24169423554965,
            31.747042362186512,
            41.735173724580946,
            40.31455478331484,
            27.81991401639449,
            36.25054114391198,
            20.795528568329487,
            24.349405634962054,
            93.78718559812616,
            36.14531400267503,
            25.108030919714654,
            34.20509118688024,
            41.86385826353628,
            38.04677564500486,
            41.352913568757046,
            24.74389513270099,
            38.316599367599295,
            40.94592234691691,
            31.45687921700994,
            34.90448000378601,
            42.06764132075007,
            31.427210500884303,
            36.344451349697025,
            33.54137835551254,
            30.97776594052707
        ],
        "-40": [
            69.31424131492422,
            84.27541078020019,
            84.27541078020019,
            82.07805088639957,
            82.07805088639957,
            67.57803926183743,
            53.59517826796873,
            74.49642046824307,
            74.49642046824307,
            73.90288281389672,
            73.90288281389672,
            73.90288281389672,
            54.274507134882896,
            54.274507134882896,
            54.274507134882896,
            54.274507134882896,
            54.274507134882896,
            54.274507134882896,
            30.207074569889755,
            62.903072106506784,
            75.24832484802948,
            44.655413065074754,
            67.10558730533316,
            67.10558730533316
        ],
        "10": [
            14.57596323014387,
            5.868871756949632,
            4.502219360380856,
            9.433410105299362,
            11.635757461058319,
            1.518269854169894,
            27.472964610640673,
            5.759233475627429,
            9.73961931429449,
            15.832226563877832,
            16.007640708605106,
            12.874798714246861,
            7.30375469973297,
            5.437855889949066,
            4.711907378761059,
            10.77680279466049,
            14.175207954226398,
            16.755521617272493,
            15.881238720339887,
            16.772530660193937,
            11.521291178870875,
            12.485097166142566,
            12.981533261278777,
            16.383204193112046,
            18.108393067997152,
            13.844448588903571,
            12.980512938924566,
            13.689221429256506,
            15.075098225694692,
            18.707689155237173
        ],
        "-50": [
            11.650868881567327,
            78.63299779217913,
            25.109913853297517,
            48.99345671577914,
            21.162370104180983,
            48.709610852895324,
            13.51590535205419,
            6.400280875049141,
            13.349267905046595,
            11.933598034602149,
            9.534988541808183,
            49.68628109257431,
            66.17655788266511,
            33.78689014145862,
            38.790296599637806,
            65.12547599528756,
            24.025809562263966,
            3.1879607734973163,
            43.223464958498,
            43.223464958498,
            57.51399188625544,
            1.1517738159125273,
            4.360928223395561,
            33.67225076491365,
            3.9283720693367243,
            1.5027617563948539,
            52.314697056749196
        ],
        "0": [
            34.12982262961315,
            46.5561008994421,
            44.141682383009766,
            54.4435896908167,
            48.626604596169784,
            45.30959209522545,
            45.532449403012684,
            45.532449403012684,
            45.532449403012684,
            45.532449403012684,
            45.532449403012684,
            67.33956207309551,
            43.46225477316575,
            26.363127136928437,
            51.08122660497304,
            38.28330959990051,
            62.078773610172966,
            11.42948497294907,
            27.073274111243578,
            41.322614384046,
            39.7814865235819,
            4.650953053545207,
            4.650953053545207,
            4.650953053545207,
            40.53686774313089,
            12.844899115551081,
            35.48465379925297,
            55.77495334032042,
            21.6390117152725,
            21.6390117152725
        ],
        "-10": [
            22.53309735059066,
            30.554104644293584,
            28.11500463127036,
            27.52183966020929,
            25.79616218366128,
            22.85410858382281,
            14.636557527879429,
            28.17441676891538,
            27.823371858304856,
            29.12848777916734,
            25.4254866805845,
            29.71873515330134,
            37.62598403098772,
            27.93854281028448,
            24.78457095910929,
            31.382511889256172,
            26.106757001943404,
            29.959048211961097,
            52.06492997234585,
            5.22119249906304,
            26.3873409013258,
            28.296929357526015,
            8.633539617065598,
            24.15364497492029,
            8.244532233219873,
            4.338968753739524,
            4.496352924810479,
            6.005756324202309,
            7.8509943972136735,
            5.455675530661803
        ],
        "40": [
            59.99067018868499,
            72.78800364057017,
            59.868023913185496,
            32.653778166357526,
            61.70598662561053,
            66.83908931694492,
            66.51853597496475,
            64.32219461900169,
            69.16914308368138,
            47.426519377745,
            87.88463371315075,
            49.686664572888475,
            59.786727012102084,
            38.567339421400646,
            41.51969663003835,
            42.997368321547825,
            39.8894814353898,
            39.8894814353898,
            39.8894814353898,
            39.8894814353898,
            39.8894814353898,
            39.8894814353898,
            61.160193200603466,
            61.160193200603466,
            61.160193200603466,
            21.439663947593214,
            21.439663947593214,
            21.439663947593214
        ],