{
    "5000000000000.0": {
        "-30": [
            51.85484229863674,
            47.23373744566136,
            53.64214063140395,
            59.33539048811136,
            43.00213689981816,
            44.79252984360582,
            9.811736080527126,
            19.786269978025047,
            19.786269978025047,
            19.399902052055392,
            19.399902052055392,
            0.8431376647446953,
            26.735242529183697,
            28.53557182162575,
            28.902516644837306,
            30.902279070824132,
            38.58014096281163,
            26.941956162244807,
            22.757367361942592,
            48.856841791976464,
            59.336126009075386,
            44.00399810752246,
            37.51714209716572,
            55.89359450911914
        ],
        "-20": [
            42.22549767916742,
            36.07473156432356,
            34.99713806610459,
            38.922058329840524,
            37.739927318563396,
            34.453448116239,
            38.76520092107252,
            43.384894453841966,
            46.003386000972654,
            38.81932322794332,
            44.20132225040793,
            42.714907073343724,
            23.475500773162885,
            52.92873448403341,
            24.194297408868877,
            35.899182470943074,
            21.355687779785235,
            22.421379375134887,
            38.40190541561627,
            25.773000523574208,
            33.747580639497485,
            38.63149524081495,
            32.49020214995399,
            34.872185683596825,
            28.55596702015297,
            32.64383856640188,
            33.29379414172462,
            33.68986531605913,
            32.69348022790642,
            34.01100077662696
        ],
        "10": [
            14.047970889429319,
            15.545029135422567,
            16.000397854862047,
            14.744278978514263,
            15.974716787810738,
            15.366648402133432,
            7.912312629280983,
            9.337007869181928,
            10.88969525863022,
            12.15827898733857,
            11.899118177813278,
            14.281434147178121,
            10.134928250349024,
            11.210406888178834,
            10.439312596582155,
            13.786449754168583,
            11.844496315534439,
            15.195024482660383,
            11.241943579712004,
            14.206913704912033,
            13.051492127293937,
            13.613925603504217,
            14.751688132698131,
            11.016100087602151,
            13.40722940329118,
            12.633127109948958,
            13.301822779320709,
            13.099349433065793,
            13.730432115283282,
            11.913689331447813
        ],
        "-50": [
            15.738587756535154,
            8.98666728963952,
            14.47301697940474,
            22.38299063299121,
            11.938293455556838,
            11.938293455556838,
            15.249987068799527,
            15.013921105351308,
            7.237880073003893,
            7.237880073003893,
            7.237880073003893,
            8.575627038609241,
            14.217671947479303,
            14.217671947479303,
            9.289992950642485,
            13.19663871141848,
            6.414005109647441,
            6.414005109647441,
            6.414005109647441,
            31.06461989704227,
            4.273700466302067,
            34.409772385686786,
            4.34477686061183,
            2.881289539102916
        ],
        "-40": [
            77.23239924726914,
            77.23239924726914,
            77.23239924726914,
            77.23239924726914,
            77.23239924726914
        ],
        "0": [
            37.197074619378064,
            49.97638007922454,
            41.30357464333249,
            49.239806719239255,
            49.370194458414964,
            41.12980327448596,
            66.93427629644387,
            67.74218514362012,
            67.74218514362012,
            66.60869892964242,
            54.657661095227084,
            39.846864929109245,
            25.320338955813146,
            53.72476773399183,
            31.057223953966865,
            33.781554125395076,
            42.61027411897921,
            39.7602466531008,
            44.920911463908105,
            56.640763888904715,
            53.071031054730234,
            38.332288732452916,
            24.144209046951172,
            34.236425130693185,
            37.6632008011542,
            33.7375620694949,
            33.7375620694949
        ],
        "-10": [
            21.63417048259061,
            26.06327398467237,
            24.708079378673,
            26.174591815030478,
            25.47372049011218,
            24.316267137803518,
            1.7055950841978689,
            26.552803339316466,
            29.205607966724173,
            24.215862749359083,
            25.319463575931188,
            21.210546803445897,
            7.132337023549056,
            29.08709208267686,
            26.590835592758662,
            28.321400821986956,
            25.66133136524787,
            26.796520535136423,
            19.16027449549287,
            5.026400414873601,
            2.2078325925492948,
            26.93953658694066,
            3.8532066545423342,
            24.06015811180168,
            3.348101828433598,
            4.9784773445157695,
            5.655010042248796,
            7.273067787326376,
            5.171769516110564,
            5.277333513102366
        ],
        "40": [
            68.54293538922616,
            76.37935302403491,
            59.17901930358779,
            73.24583390512024,
            73.24583390512024,
            83.24284640498396,
            65.85222803138308,
            64.83928880265596,
            64.26055036560913,
            69.65868037692039,
            55.90757253845217,
            48.26526652717203,
            54.307051651703354,
            60.49941346862704,
            47.27295441373648,
            43.891920715785176,
            43.50791740740988,
            0.8704724248190701,
            0.8704724248190701,
            0.8704724248190701,
            0.8704724248190701,
            0.8704724248190701,
            0.8704724248190701,
            2.282733233572742,
            2.282733233572742,
            2.282733233572742,
            2.282733233572742,
            2.282733233572742,
            2.282733233572742
        ],
        "50": [
            36.35692222254354,
            24.168148564587707,
            21.963251640080006,
            17.949871498734034,
            24.178472638648163,
            20.62644595218496,
            32.83102015070952,
            35.29606366386416,
            30.798018999000853,
            26.541057302896018,
            26.541057302896018,
            26.22288042195416,
            26.22288042195416,
            21.337302618772416,
            26.706525603223415,
            26.706525603223415,
            23.562998979387675,
            16.033191188384258
        ],
        "30": [
            25.649252474865946,
            25.649252474865946,
            25.649252474865946,
            23.746561130762135,
            23.746561130762135,
            23.746561130762135,
            23.746561130762135,
            23.746561130762135,
            23.746561130762135,
            24.856718626636734,
            24.856718626636734,
            27.84963792273974,
            27.84963792273974,
            34.93602835982022,
            34.43888640864966
        ],
        "20": [
            4.1096531632174,
            4.1096531632174,
            4.1096531632174,
            10.02673957988472,
            8.807328113786653,
            45.277430586131985,
            43.520534523052305,
            45.89555846922949,
            45.89555846922949,
            43.465148354978666,
            43.465148354978666
        ]
    }
}