{
    "5000000000000.0": {
        "-30": [
            41.38983744050481,
            41.38983744050481,
            55.099243741878695,
            55.099243741878695,
            55.099243741878695,
            60.40691755872298,
            22.43910630802286,
            22.43910630802286,
            28.745280909723697,
            28.745280909723697,
            57.724981160558556,
            47.156861969081575,
            47.156861969081575,
            36.456576154201315,
            44.61643723356218,
            47.59787106930415,
            55.76445990253341,
            30.581778092765852,
            52.39528622660107,
            58.19115846603509,
            58.19115846603509,
            56.41919164721679,
            56.41919164721679,
            51.25690236938641,
            50.58366725127557,
            50.58366725127557,
            48.57969382015088
        ],
        "-20": [
            69.4998738107005,
            71.82543137027159,
            NaN,
            25.760964842295426,
            25.760964842295426,
            50.71490266365551,
            32.75047897240484,
            14.757933311464264,
            14.757933311464264,
            52.66531479915886,
            51.51328722815961,
            76.39869537384894,
            26.54166802790657,
            26.54166802790657,
            22.757261611916284,
            22.757261611916284,
            76.4421783914639,
            23.56333827595462,
            7.094067329764565,
            25.06815845947995,
            60.6629173830335,
            60.6629173830335,
            34.970200398680966,
            79.54654561100403,
            84.45668648301518,
            31.142966793160276,
            31.142966793160276,
            29.991930932208867
        ],
        "10": [
            48.536258823906834,
            48.536258823906834,
            48.536258823906834,
            48.536258823906834,
            48.536258823906834,
            41.23221733587393,
            45.94501296407293,
            45.94501296407293,
            45.94501296407293,
            32.504935380292395,
            41.29361441076377,
            49.00934121592419,
            49.2379586239162,
            44.27006278157585,
            44.27006278157585,
            44.27006278157585,
            44.189632755055925,
            32.71166828389983,
            35.26647631194152,
            35.26647631194152,
            35.26647631194152,
            35.26647631194152,
            35.26647631194152,
            48.095621457927905,
            54.58586462448633,
            54.58586462448633,
            54.58586462448633,
            54.58586462448633,
            43.52197238404564
        ],
        "-50": [
            11.322285947928613,
            9.547100498658146,
            9.547100498658146,
            31.202100005626335,
            42.29492483997586,
            34.202109683033086,
            34.202109683033086,
            12.45377550302706,
            22.34250536142981,
            88.75499717995942,
            8.697371386273247,
            27.50639490585335,
            86.69037317727569,
            17.7308005300739,
            23.626175442405586,
            28.141836806200118,
            0.883097613504674,
            42.954115344075404,
            22.353459239443012,
            46.03154841293264,
            23.923318734036144,
            27.83043095527235,
            39.650874480855144,
            31.596803275981422,
            20.305677370767718,
            39.783885323347896,
            22.753696141749057,
            22.753696141749057,
            27.462211118956514
        ],
        "0": [
            27.22451696194673,
            10.713678156641052,
            10.713678156641052,
            36.80499772931053,
            41.93531695959916,
            28.53007917990486,
            42.22036662235208,
            42.22036662235208,
            36.33552658531942,
            31.66382433827904,
            15.30312707366386,
            31.74961786445438,
            41.50528004680463,
            41.50528004680463,
            31.750235164102516,
            34.11180604595039,
            27.985312548142318,
            27.985312548142318,
            29.076655812539073,
            40.767822080597384,
            34.20359248136136,
            33.86289324247047,
            28.703875748818,
            30.92920800806708,
            61.10503484277726,
            40.79301043663487,
            36.588084410773696
        ],
        "-10": [
            27.715741154401748,
            27.715741154401748,
            46.118726167390236,
            47.45143855660418,
            37.66586430617592,
            37.66586430617592,
            75.75655722946794,
            45.31907757710154,
            51.71055678671877,
            51.71055678671877,
            38.399773310245315,
            74.98251505697287,
            47.45028588067048,
            47.45028588067048,
            32.7677970843855,
            46.25845256992918,
            47.97139400553984,
            48.2219729146562,
            55.28505703556267,
            5.226512530697912,
            7.939399941565224,
            NaN,
            NaN,
            54.02170665015734
        ],
        "40": [
            64.35847746517723,
            NaN,
            80.70198841976706,
            80.70198841976706,
            59.616079138465935,
            59.616079138465935,
            113.56765546636065,
            90.17862970055174,
            NaN,
            83.51085772069867,
            NaN,
            NaN,
            NaN,
            79.13426536985327,
            79.13426536985327,
            110.65433316602693,
            110.65433316602693,
            110.65433316602693,
            59.15384170227907,
            22.918717332580474,
            30.76029127469396,
            103.5448017220061,
            103.5448017220061,
            103.5448017220061
        ],
        "50": [
            98.10951971279736,
            78.76532646246797,
            89.66976399875298,
            89.52298073491158,
            83.80131652362631,
            88.8560592871111,
            86.24860012179577,
            83.2902840648436,
            99.2768296478207,
            77.5502589054691,
            86.56488658191878,
            92.28126525476947,
            85.76098748882967,
            74.46509356574897,
            82.15530653410762,
            94.70646302122529,
            92.34031394555409,
            79.9559118625092,
            86.33089731992193,
            88.20459876817263,
            79.4434864654487,
            99.25989944740951,
            79.05561647256626,
            96.8443758557519,
            84.93764541540341,
            102.20932759679113,
            54.515362002135674,
            73.9417784840908,
            97.74207193257604
        ],
        "30": [
            6.1558228888252025,
            6.1558228888252025,
            6.1558228888252025,
            6.1558228888252025,
            14.505720263851273,
            14.505720263851273,
            8.71653814131048,
            8.71653814131048,
            7.751367761451846,
            7.751367761451846,
            7.751367761451846,
            12.101731576749359,
            12.101731576749359
        ],