{
    "5000000000000.0": {
        "-30": [
            31.629596047407386,
            65.23778334963234,
            27.477981902226055,
            53.16204427951057,
            71.013007846023,
            45.87419980615363,
            43.91950745931934,
            34.60689400720892,
            11.518299430764202,
            8.45750921595915,
            49.80771128515146,
            28.689698227468647,
            1.8189816943448847,
            1.228758804893861,
            14.572755848705079,
            14.572755848705079,
            24.10436259723538,
            8.77908913017027,
            70.90121947421486,
            60.77750940255228,
            4.6922740808429175,
            48.85527593120912,
            33.89286522471585,
            56.8152569304671,
            41.5062164690281,
            24.72080900727515,
            34.347527138614076
        ],
        "-20": [
            44.68467142598732,
            43.17590166135092,
            41.054593974838845,
            41.45169532085124,
            47.33877967273109,
            37.1224476077893,
            44.12575811594539,
            36.9789584207564,
            22.670866002185768,
            17.50533123906406,
            25.06190952045606,
            62.068186532641306,
            19.259538246870626,
            27.317600721030633,
            25.89415115654726,
            22.555768093742667,
            17.65248648935094,
            26.6819344478208,
            21.475140122070762,
            37.81097396084726,
            59.389194968241185,
            48.8224966708046,
            44.77198599457793,
            3.207420601677974,
            44.40686310506781,
            43.665941681206796,
            24.696647273448427,
            30.387493734490818,
            48.18499424099694
        ],
        "-40": [
            23.784940302410117,
            23.784940302410117,
            23.784940302410117,
            23.784940302410117,
            51.69606217345539,
            50.96433248134893,
            81.73673396196892,
            16.2714917654562,
            16.2714917654562,
            16.2714917654562,
            16.2714917654562,
            16.2714917654562,
            16.2714917654562,
            15.455549373352785,
            15.455549373352785,
            15.455549373352785,
            15.455549373352785,
            73.97335611030593,
            38.808792294449425,
            41.10324992812791,
            57.86946448601817,
            86.71814880262448,
            86.71814880262448,
            86.71814880262448,
            86.71814880262448
        ],
        "10": [
            23.980644518938064,
            14.178256762772737,
            3.7810469466979644,
            8.931029491518107,
            5.192400859413443,
            15.556567389726602,
            1.6251733945572227,
            33.3755947198845,
            10.19789539447023,
            5.149428738776215,
            5.149428738776215,
            20.950439960269982,
            22.51414949051387,
            5.053677183868119,
            5.310051671074037,
            13.10719893436525,
            15.64415363579657,
            9.116273696333973,
            21.12621527838225,
            16.030003965912215,
            16.06104537070235,
            16.06104537070235,
            24.31517734715476,
            12.55415940630791,
            13.396995405290816,
            15.012739860081233,
            16.66624576877157,
            18.612335265115654
        ],
        "-50": [
            24.558081787233135,
            24.558081787233135,
            16.367710330618564,
            5.712221772111349,
            60.370733441969435,
            14.38379142690762,
            73.59549806140845,
            14.697968352098009,
            69.36640440780909,
            55.16579708126427,
            54.18874204602405,
            70.40666643143352,
            21.9527114293797,
            47.32162329756265,
            85.81446649296964,
            59.99032671261451,
            82.27240812316764,
            25.482273142146383,
            11.139092417145413,
            11.139092417145413,
            8.631907106237584,
            8.631907106237584,
            51.699970645281915,
            41.129245096968674,
            20.828931234094867,
            62.96022722849408,
            48.15130423779935,
            6.245673718955288,
            65.69954764058812
        ],
        "0": [
            41.284343700712604,
            34.33629365189844,
            29.929117259595433,
            29.929117259595433,
            29.929117259595433,
            18.97219420201311,
            37.357671841703365,
            18.37886503990211,
            15.505189410047885,
            13.641795215875177,
            14.04591868106688,
            14.04591868106688,
            40.704915454578625,
            26.23275447507501,
            37.46790106466759,
            10.625301820620793,
            23.966512234391857,
            1.474274524782667,
            8.688907080082418,
            10.676502749588641,
            10.179753518929546,
            19.445953381633778,
            22.009467996761266,
            22.009467996761266
        ],
        "-10": [
            45.48827336963183,
            31.234207314541425,
            27.099243385737605,
            29.577746359741838,
            19.074542903232157,
            28.488747280638393,
            2.058533117884531,
            25.263443953218015,
            13.486052476941476,
            25.250672613353032,
            27.000090572048393,
            26.515664900308522,
            15.268783876218555,
            13.122673653987341,
            16.141181504454654,
            11.929898717058013,
            20.751586183488676,
            38.693787240967765,
            7.0499992805604395,
            42.69364015225965,
            42.69364015225965,
            42.69364015225965,
            42.69364015225965,
            23.276588842396215,
            25.43521293147098,
            13.231021950095347,
            16.918794099557914,
            12.387094221017902,
            6.2342216324158235,
            10.773543603841599
        ],
        "40": [
            57.22163549127623,
            90.32388343125719,
            90.32388343125719,
            10.995860134826572,
            12.85792969733346,
            71.10252961931327,
            18.566653657252267,
            50.64855197804384,
            66.76823014710718,
            66.76823014710718,
            57.84872024607864,
            18.91153146821403,
            44.27550298111081,
            75.02997036928852,
            8.159954140801446,
            1.5690921034433458,
            35.56003402410903,
            7.958441463020314,
            7.958441463020314,
            23.517808076231024,
            38.54721534564517,
            20.078754403003565,
            24.82128734247621,
            24.82128734247621,
            24.82128734247621
        ],
        "50": [
            8.07087593326861,
            8.07087593326861,
            22.677476014626844,
            31.513008028812806,
            22.37915739481808,
            24.124064388272394,
            53.745041704725,
            29.216321438352775,
            51.57506782025394,
            31.99224921505345,
            2.757509970565806,
            2.757509970565806,
            50.271731561870155,
            45.55621159290638,
            56.3808237937795,
            56.3808237937795,
            52.841718378022215,
            63.895183936779716,
            63.895183936779716,
            109.89167763317987,
            88.77387205038633,
            101.87323603782467,
            101.87323603782467,
            32.23792222235363,
            32.23792222235363,
            32.23792222235363,
            32.23792222235363,
            24.976856074411522,
            24.976856074411522
        ],