{
    "5000000000000.0": {
        "-30": [
            49.0017398064169,
            52.130470804785105,
            37.13038872588301,
            15.799031483623537,
            49.008086673250396,
            43.943490094322954,
            69.97215510002971,
            40.31328382563141,
            48.48817929187136,
            73.28461052030428,
            106.94826912928431,
            77.74011544831498,
            104.74434960044111,
            41.39181885986888,
            83.12350774006916,
            51.19825595036441,
            64.55883392988369,
            112.45860837635288,
            46.46949282429253,
            75.97994199268766
        ],
        "-20": [
            21.809520817157072,
            18.893868496959147,
            24.965665857310967,
            22.10693882427367,
            28.44270384970963,
            39.660492656349106,
            41.433497372948565,
            35.22075132002725,
            39.85239250365845,
            43.114466695544216,
            41.74274731597956
        ],
        "-40": [
            32.03541869071302,
            73.51010751172436,
            105.83790235931886,
            68.22820659529741,
            25.90221583632694,
            54.85008335758479,
            27.784211152521262,
            25.35435392518594,
            20.441434652109418,
            22.968238496317674,
            25.393668526371897,
            18.20197233932248,
            19.8352284214962,
            12.712115661410593,
            11.254567160363063,
            9.876007370350145,
            13.459633218169714,
            19.386338817728287,
            17.3525775454304
        ],
        "10": [
            6.3903806726231185,
            8.786896219666774,
            7.608189623831073,
            1.5924831422741477,
            2.328664392613091,
            4.350130462500248,
            13.291303612574707,
            0.45439022348323554,
            29.216021111640558,
            1.876184993236782,
            2.688145207137543,
            4.964947082812082,
            17.901058367487,
            10.006741661193605,
            5.251731859482446,
            2.1814787814335865,
            10.564188539421753,
            6.536645538129699,
            2.5470539576442004,
            6.412228312418076,
            2.5903534664065324,
            5.816985909375432,
            5.733538855032659,
            3.4471846771988632,
            8.525084312873249,
            13.465912422298079
        ],
        "-50": [
            39.16070885667922,
            21.393714375280556,
            34.73480305245884,
            42.85010292023424,
            30.073855483857493,
            33.87327957462084,
            20.846141142241823,
            11.571625319485186,
            5.140397846808995,
            8.202924873377917,
            4.835513747122683,
            61.41328838088846,
            35.98864977540075,
            56.4804096699836,
            37.79991283922932,
            31.25385697940061,
            61.598104094193516,
            41.07272925941376,
            20.454749608829154,
            41.29376096135667,
            19.589723511720603,
            18.52426638844169
        ],
        "0": [
            34.732089056879325,
            20.666681203381156,
            5.528835277897709
        ],
        "-10": [
            16.23941884696106,
            15.395218114239967,
            24.28143955657081,
            16.891346686961107,
            13.330881065286295,
            12.39138967848366,
            18.330307623090512,
            17.422448402174936,
            19.2750061081028,
            2.912798152197851,
            11.898256834043972,
            13.163008492667622,
            18.834215075016004,
            18.75698439773401,
            20.390831453645234,
            9.826317074411135,
            16.399811310700606,
            5.675182329754884,
            17.657253340789346,
            15.478547336437341,
            20.053235784518627,
            26.625132327878937,
            5.697849297395032,
            12.021705117483263,
            20.49274340960733,
            27.45183632948367
        ],
        "50": [
            117.79027046250928
        ],
        "40": [
            4.196971826674115,
            21.192915546658845,
            16.537597803399507,
            13.514900248012957,
            19.536906019570026
        ],
        "30": [
            11.95629739887508,
            9.880267662283366,
            14.602105811438221,
            9.245455858615866,
            10.149774461071058,
            11.851726182017106,
            13.54017844407391,
            31.075226201129503,
            21.008525476851727,
            15.239932336055539,
            15.730295837257163,
            23.196295688606472,
            29.351451523850262,
            14.213670382773525,
            12.664195640289496,
            15.322402413085856,
            10.480142334871587
        ],
        "20": [
            19.54360048078437,
            26.575961359714668,
            2.0809308102399378,
            16.190442525723135,
            15.839224385104586
        ]
    }
}