{
    "5000000000000.0": {
        "-30": [
            51.92907628260771,
            47.16699449156767,
            53.592161252250875,
            41.75660893363097,
            43.72907959058329,
            10.740414088317188,
            19.85627805156065,
            13.233662706985442,
            0.78797057881917,
            27.381431523430262,
            34.0418783257657,
            26.999387194467356,
            26.870148936160724,
            44.29771832737112,
            28.74484195090491,
            23.40195120566751,
            49.02016841918552,
            59.145032654560566,
            43.160415833807185,
            39.012700439358625,
            55.29456901747132
        ],
        "-20": [
            43.83701011899205,
            38.08183364125005,
            34.91699005869183,
            40.565787670368366,
            38.0997432180517,
            35.315843036980965,
            41.77404642185496,
            40.884535820820005,
            47.33700783057462,
            40.44763101266595,
            44.06557509027837,
            42.80421643416604,
            23.24781646845704,
            22.883010122502476,
            25.190496103787723,
            38.25493219967278,
            20.587399563560172,
            23.154763429098974,
            39.34377809237345,
            29.271437666731057,
            32.75434015253571,
            38.55281029296126,
            33.71968255310652,
            36.06483223945321,
            27.438707284579728,
            33.113667187081695,
            30.850750871533393,
            35.622733262765266,
            32.834233558014716,
            34.083822287514735
        ],
        "10": [
            15.212554942195887,
            16.175414386857696,
            17.444744078905988,
            15.54735624494889,
            16.306654588854183,
            12.269962336657311,
            6.342079285193147,
            7.8357881239810965,
            11.851667201117081,
            13.395608040271938,
            12.89207545084674,
            13.298079729345208,
            10.905915523400452,
            13.420052729094937,
            11.01815340103267,
            12.84481455770117,
            11.421084841428073,
            16.134603852406823,
            13.443242525390318,
            14.33888084486362,
            15.055527534303415,
            14.11696818199919,
            12.49534494245301,
            8.305629769401367,
            14.321362562139072,
            13.169125706179042,
            14.695466165919086,
            12.938652138258487,
            12.54818936460904,
            13.675964812652083
        ],
        "-50": [
            15.275425726718566,
            5.6737754694555775,
            14.637193214735916,
            19.824932316073156,
            12.957988720757037,
            12.059403515055138,
            16.901927632263224,
            1.43850214619831,
            13.508323467966669,
            19.755638585001357,
            10.860076680920905,
            15.369086136512138,
            7.326609025147349,
            32.5241319827045,
            17.420866153997366,
            4.517296924232014,
            10.983969579148578,
            10.414845911908849,
            5.858228281552599
        ],
        "0": [
            37.76924627937474,
            51.937108672064205,
            39.98226168766613,
            47.66701228946807,
            47.58265109418654,
            38.30988165244402,
            70.27785541706993,
            67.97852868580101,
            71.42898729867004,
            45.41711615642808,
            40.06211485107958,
            31.86197376393613,
            58.081428114183105,
            19.805428372253985,
            31.590039262402346,
            46.91008199308294,
            32.365619957906574,
            45.838019863595676,
            57.53545191605659,
            40.107663602241324,
            34.26145519781187,
            23.49183042429111,
            40.76144116129361,
            42.14797215501293,
            32.29125330664938
        ],
        "-10": [
            22.21396226323786,
            24.8480931999459,
            23.927604316273605,
            26.350128331885056,
            26.09462574964211,
            22.997505418584627,
            1.2588933579483754,
            28.069251315169716,
            27.763733672070472,
            25.47071185756768,
            25.18227197112644,
            22.002714030159325,
            7.805027355310534,
            29.561381850771372,
            27.347286938746073,
            28.187549199303632,
            25.323692637469794,
            26.56700014613165,
            18.62262500273766,
            28.503489060261433,
            2.7408203113579814,
            4.2311062393067145,
            4.0232957575805095,
            23.60534066676892,
            2.8610581111087265,
            5.697468263733807,
            5.406400439164462,
            8.081609211375554,
            5.728220510697546,
            3.92579855930134
        ],
        "40": [
            65.59907989547806,
            72.09830808737098,
            62.62355934786872,
            86.64921179020041,
            69.58657067906805,
            60.60778784801764,
            63.70678938001693,
            72.23026273305653,
            55.91908584850347,
            49.76373089847263,
            52.10870037951644,
            63.67759869771336,
            51.34574095181233,
            40.683982946752195,
            42.484798892854535,
            4.5469883609498325,
            1.7287044735422228
        ],
        "50": [
            38.53295402178605,
            21.52360407117129,
            25.55615035509811,
            23.568340714713173,
            33.261747540744096,
            33.59792871283588,
            30.858215022596056,
            30.130759556698166,
            25.906001543019038,
            22.22261865183536,
            31.297476452998218,
            24.42749886875203,
            19.815534106936408
        ],
        "30": [
            27.442089177029246,
            22.382745403372102,
            22.6958121508469,
            30.79139015107305,
            35.690037174240246,
            35.942347571958706
        ],
        "20": [
            8.07114287053492,
            1.2749256878069701,
            6.228984942742887,
            11.911025385852263,
            46.354756518058416,
            49.260763380481905,
            45.80713064512274,
            48.15726270375367
        ]
    }
}